symbol,report_type,fiscal_date,reported_currency,grossProfit,totalRevenue,costOfRevenue,costofGoodsAndServicesSold,operatingIncome,sellingGeneralAndAdministrative,researchAndDevelopment,operatingExpenses,investmentIncomeNet,netInterestIncome,interestIncome,interestExpense,nonInterestIncome,otherNonOperatingIncome,depreciation,depreciationAndAmortization,incomeBeforeTax,incomeTaxExpense,interestAndDebtExpense,netIncomeFromContinuingOperations,comprehensiveIncomeNetOfTax,ebit,ebitda,netIncome
JNJ,annual,2024-12-31,USD,61350000000,88607000000,55479000000,27471000000,31490000000,22869000000,1841000000,29860000000,1332000000,577000000,1332000000,79000000,88607000000,-4694000000,0,4500000000,16687000000,2621000000,755000000,14066000000,14852000000,16766000000,21266000000,14066000000
JNJ,annual,2023-12-31,USD,58606000000,84021000000,54349000000,26553000000,30427000000,21512000000,483000000,28179000000,1261000000,-772000000,1261000000,772000000,84793000000,-6634000000,0,4500000000,36889000000,1736000000,772000000,13326000000,30412000000,37661000000,42161000000,35153000000
JNJ,annual,2022-12-31,USD,55394000000,79428000000,50533000000,24596000000,29474000000,20246000000,0,25920000000,490000000,-276000000,490000000,276000000,79704000000,-810000000,0,3900000000,21725000000,2989000000,276000000,16370000000,18032000000,22001000000,25106000000,17941000000
JNJ,annual,2021-12-31,USD,63920000000,93356000000,60455000000,29855000000,17754000000,24659000000,15614000000,46166000000,53000000,-183000000,53000000,183000000,93539000000,-489000000,0,4700000000,22776000000,1898000000,183000000,20878000000,23062000000,22959000000,27659000000,20878000000
JNJ,annual,2020-12-31,USD,54157000000,82174000000,55691000000,28427000000,14490000000,22084000000,12340000000,39667000000,111000000,-201000000,111000000,201000000,82375000000,-2899000000,0,4700000000,16497000000,1783000000,201000000,14714000000,15363000000,16698000000,21398000000,14714000000
JNJ,annual,2019-12-31,USD,54503000000,81474000000,55596000000,27556000000,14238000000,22178000000,12245000000,40265000000,357000000,-318000000,357000000,318000000,81792000000,-2525000000,0,4500000000,17328000000,2209000000,318000000,15119000000,14450000000,17646000000,22146000000,15119000000
JNJ,annual,2018-12-31,USD,54490000000,80311000000,56630000000,27091000000,15371000000,22540000000,11901000000,39119000000,611000000,-1005000000,611000000,1005000000,81316000000,-1405000000,0,4400000000,17999000000,2702000000,1005000000,15297000000,13506000000,19004000000,23404000000,15297000000
JNJ,annual,2017-12-31,USD,51011000000,75300000000,51920000000,25439000000,15893000000,21520000000,10962000000,35203000000,385000000,-934000000,385000000,934000000,-216000000,42000000,0,3000000000,17673000000,16373000000,934000000,1300000000,3002000000,18607000000,21607000000,1300000000
JNJ,annual,2016-12-31,USD,50101000000,70875000000,44578000000,22659000000,19773000000,20067000000,9124000000,30432000000,368000000,-726000000,368000000,726000000,-289000000,-210000000,0,1200000000,19803000000,3263000000,726000000,16540000000,14804000000,20529000000,21729000000,16540000000
JNJ,annual,2015-12-31,USD,48538000000,69418000000,46068000000,22532000000,18173000000,21203000000,9270000000,30365000000,128000000,-552000000,0,552000000,-104000000,2064000000,0,1200000000,19196000000,3787000000,552000000,15409000000,12966000000,19748000000,20948000000,15409000000
JNJ,annual,2014-12-31,USD,51585000000,73642000000,47576000000,23814000000,21590000000,21954000000,8672000000,30880000000,67000000,-533000000,0,533000000,-156000000,70000000,0,1398000000,20563000000,4240000000,533000000,16323000000,8461000000,21096000000,22494000000,16323000000
JNJ,annual,2013-12-31,USD,48970000000,71061000000,47402000000,23470000000,16412000000,21830000000,8763000000,32992000000,74000000,-482000000,0,482000000,231000000,-2498000000,0,1363000000,15471000000,1640000000,482000000,13831000000,16781000000,15953000000,17316000000,13831000000
JNJ,annual,2012-12-31,USD,45566000000,66634000000,46855000000,22709000000,14955000000,20869000000,8828000000,34635000000,64000000,-532000000,0,532000000,-58000000,-1626000000,0,1146000000,14114000000,3261000000,532000000,10514000000,10675000000,14646000000,15792000000,10853000000
JNJ,annual,2011-12-31,USD,44670000000,64449000000,43932000000,21382000000,13765000000,20969000000,7548000000,31635000000,91000000,-571000000,0,571000000,-10000000,-2743000000,0,852000000,12361000000,2689000000,571000000,9672000000,7571000000,12932000000,13784000000,9672000000
JNJ,annual,2010-12-31,USD,42795000000,61002000000,39161000000,19737000000,17700000000,19424000000,6844000000,27648000000,107000000,-455000000,0,455000000,-130000000,768000000,0,748000000,16947000000,3613000000,455000000,13334000000,12861000000,17402000000,18150000000,13334000000
JNJ,annual,2009-12-31,USD,43450000000,61236000000,40285000000,19411000000,16582000000,19801000000,6986000000,29319000000,90000000,-451000000,0,451000000,-210000000,526000000,0,2774000000,15755000000,3489000000,451000000,12266000000,13399000000,16206000000,18964000000,12266000000
JNJ,quarterly,2024-12-31,USD,15392000000,22306000000,14749000000,7128000000,17842000000,6453000000,-10093000000,-2450000000,281000000,144000000,281000000,137000000,22306000000,161000000,0,1100000000,3887000000,456000000,137000000,3431000000,4212000000,17842000000,18942000000,3431000000
JNJ,quarterly,2024-09-30,USD,15508000000,22471000000,13682000000,6963000000,3837000000,5478000000,4952000000,11671000000,292000000,99000000,292000000,193000000,22471000000,-1798000000,0,1200000000,3338000000,644000000,193000000,2694000000,1425000000,3837000000,5037000000,2694000000
JNJ,quarterly,2024-06-30,USD,15578000000,22447000000,13637000000,6869000000,5370000000,5681000000,3440000000,10208000000,395000000,125000000,395000000,270000000,22447000000,-653000000,0,1100000000,5748000000,1062000000,270000000,4686000000,4201000000,5370000000,6470000000,4686000000
JNJ,quarterly,2024-03-31,USD,14872000000,21228000000,13217000000,6511000000,4624000000,5257000000,3542000000,10248000000,364000000,-155000000,364000000,155000000,21383000000,-2404000000,0,1100000000,3714000000,459000000,155000000,3255000000,5014000000,3869000000,4969000000,3255000000
JNJ,quarterly,2023-12-31,USD,14597000000,21395000000,14139000000,6798000000,14597000000,5810000000,-10122000000,-2881000000,363000000,-151000000,363000000,151000000,21395000000,421000000,0,1100000000,4743000000,694000000,151000000,4132000000,4826000000,4894000000,5994000000,4049000000
JNJ,quarterly,2023-09-30,USD,14745000000,21159000000,13264000000,6606000000,4640000000,5400000000,3447000000,10105000000,374000000,-192000000,374000000,192000000,21351000000,-499000000,0,1100000000,26936000000,908000000,192000000,4309000000,25750000000,27128000000,28228000000,26028000000
JNJ,quarterly,2023-06-30,USD,15057000000,25184000000,16222000000,6462000000,5479000000,5396000000,3829000000,11839000000,369000000,-346000000,369000000,346000000,25530000000,384000000,0,1200000000,6762000000,930000000,346000000,5376000000,4087000000,7108000000,8308000000,5144000000
JNJ,quarterly,2023-03-31,USD,14207000000,20894000000,300000000,6687000000,-600000000,4906000000,3455000000,300000000,198000000,-212000000,235000000,212000000,20894000000,-6940000000,0,1100000000,-737000000,-796000000,212000000,-491000000,273000000,-522000000,678000000,-68000000
JNJ,quarterly,2022-12-31,USD,13855000000,19939000000,13127000000,12577000000,13855000000,9858000000,-10425000000,-3385000000,254000000,-177000000,254000000,177000000,19939000000,-1856000000,0,900000000,4928000000,1408000000,177000000,3227000000,3840000000,5105000000,5210000000,3520000000
JNJ,quarterly,2022-09-30,USD,13824000000,19945000000,12212000000,6172000000,4299000000,4975000000,3485000000,9525000000,150000000,-51000000,150000000,51000000,19996000000,-226000000,0,1000000000,5320000000,862000000,51000000,4310000000,3009000000,5371000000,6371000000,4458000000
JNJ,quarterly,2022-06-30,USD,16101000000,23982000000,15330000000,7919000000,4987000000,6226000000,3703000000,11114000000,64000000,-38000000,64000000,38000000,24020000000,-273000000,0,1100000000,5840000000,1026000000,38000000,4814000000,4728000000,5878000000,6978000000,4814000000
JNJ,quarterly,2022-03-31,USD,15828000000,23416000000,15316000000,7598000000,4032000000,5938000000,4072000000,11796000000,22000000,-10000000,22000000,10000000,23426000000,102000000,0,1100000000,5862000000,713000000,10000000,5149000000,4450000000,5872000000,6972000000,5149000000
JNJ,quarterly,2021-12-31,USD,16849000000,24508000000,16317000000,7955000000,3755000000,7154000000,4720000000,13094000000,13000000,-60000000,13000000,60000000,24568000000,-9000000,0,1100000000,4836000000,100000000,60000000,4736000000,7093000000,4896000000,5996000000,4736000000
JNJ,quarterly,2021-09-30,USD,16088000000,23318000000,14410000000,7250000000,4606000000,6000000000,4322000000,11482000000,13000000,-20000000,13000000,20000000,23338000000,-1850000000,0,1100000000,3849000000,182000000,20000000,3667000000,3352000000,3869000000,4969000000,3667000000
JNJ,quarterly,2021-06-30,USD,15725000000,23272000000,14916000000,7587000000,5002000000,6073000000,3394000000,10723000000,12000000,-40000000,12000000,40000000,23312000000,488000000,0,1200000000,6662000000,384000000,40000000,6278000000,6506000000,6702000000,7902000000,6278000000
JNJ,quarterly,2021-03-31,USD,15258000000,22258000000,13762000000,7063000000,5394000000,5432000000,3178000000,9864000000,15000000,-63000000,15000000,63000000,22321000000,882000000,0,1200000000,7429000000,1232000000,63000000,6197000000,6111000000,7492000000,8692000000,6197000000
JNJ,quarterly,2020-12-31,USD,14661000000,22179000000,15666000000,7814000000,2751000000,6457000000,4069000000,11910000000,13000000,-87000000,13000000,87000000,22266000000,-2354000000,0,1300000000,1647000000,-91000000,87000000,1738000000,1434000000,1734000000,3034000000,1738000000
JNJ,quarterly,2020-09-30,USD,14110000000,21038000000,13671000000,6972000000,4433000000,5431000000,2978000000,9677000000,12000000,-44000000,12000000,44000000,21082000000,-1200000000,0,1200000000,4401000000,847000000,44000000,3554000000,4149000000,4445000000,5645000000,3554000000
JNJ,quarterly,2020-06-30,USD,11757000000,18291000000,12733000000,6579000000,2890000000,4993000000,2713000000,8867000000,19000000,-45000000,19000000,45000000,18336000000,-24000000,0,1100000000,3940000000,314000000,45000000,3626000000,4336000000,3985000000,5085000000,3626000000
JNJ,quarterly,2020-03-31,USD,13629000000,20666000000,13434000000,7062000000,4655000000,5203000000,2580000000,8974000000,67000000,-25000000,67000000,25000000,20691000000,679000000,0,1100000000,6509000000,713000000,25000000,5796000000,5444000000,6534000000,7634000000,5796000000
JNJ,quarterly,2019-12-31,USD,13613000000,20747000000,341000000,7134000000,13008000000,6039000000,3232000000,605000000,81000000,-85000000,81000000,85000000,20747000000,-16000000,0,1200000000,4218000000,208000000,85000000,4218000000,4218000000,4303000000,5503000000,4010000000
JNJ,quarterly,2019-09-30,USD,13862000000,20681000000,13410000000,6867000000,4720000000,5374000000,2599000000,9142000000,89000000,-48000000,89000000,48000000,20729000000,-4214000000,0,1100000000,1647000000,-106000000,48000000,1753000000,1189000000,1695000000,2795000000,1753000000
JNJ,quarterly,2019-06-30,USD,13622000000,20479000000,13643000000,6940000000,4253000000,5546000000,2666000000,9369000000,88000000,-83000000,88000000,83000000,20562000000,1683000000,0,1100000000,7041000000,1434000000,83000000,5607000000,6155000000,7124000000,8224000000,5607000000
JNJ,quarterly,2019-03-31,USD,13406000000,19919000000,13883000000,6615000000,2393000000,5219000000,3748000000,11013000000,99000000,-102000000,99000000,102000000,20021000000,22000000,0,1100000000,4422000000,673000000,102000000,3749000000,3454000000,4524000000,5624000000,3749000000
JNJ,quarterly,2018-12-31,USD,13433000000,20394000000,227000000,6961000000,11918000000,5991000000,3224000000,1515000000,196000000,-250000000,0,250000000,20394000000,-978000000,0,1100000000,3122000000,80000000,250000000,1222000000,1222000000,3372000000,4472000000,3042000000
JNJ,quarterly,2018-09-30,USD,13759000000,20105000000,12220000000,6589000000,4494000000,5543000000,3634000000,9265000000,175000000,-243000000,0,243000000,20348000000,-3000000,0,1100000000,4423000000,489000000,243000000,3934000000,4064000000,4666000000,5766000000,3934000000
JNJ,quarterly,2018-06-30,USD,13903000000,20830000000,176000000,6927000000,13024000000,5743000000,2639000000,879000000,126000000,-253000000,0,253000000,20830000000,-364000000,0,1100000000,4973000000,1019000000,253000000,4973000000,1785000000,5226000000,6326000000,3954000000
JNJ,quarterly,2018-03-31,USD,13395000000,20009000000,13019000000,6614000000,13395000000,5263000000,2404000000,8789000000,114000000,-259000000,0,259000000,20009000000,-60000000,0,1100000000,5481000000,1114000000,259000000,5481000000,5190000000,5740000000,6840000000,4367000000
JNJ,quarterly,2017-12-31,USD,12936000000,20195000000,217000000,7259000000,11682000000,6045000000,408000000,1270000000,85000000,-274000000,0,274000000,20195000000,53000000,0,1100000000,2560000000,13273000000,274000000,2560000000,2560000000,2834000000,3934000000,-10713000000
JNJ,quarterly,2017-09-30,USD,12725000000,19650000000,12417000000,6925000000,12630000000,5423000000,2585000000,118000000,74000000,-229000000,0,229000000,19650000000,297000000,0,1100000000,4790000000,1026000000,229000000,4790000000,4251000000,5019000000,6119000000,3764000000
JNJ,quarterly,2017-06-30,USD,12993000000,18839000000,11146000000,5846000000,12523000000,5289000000,2296000000,493000000,105000000,-227000000,0,227000000,18839000000,-527000000,0,500000000,4748000000,921000000,227000000,4748000000,5115000000,4975000000,5475000000,3827000000
JNJ,quarterly,2017-03-31,USD,12357000000,17766000000,10594000000,5409000000,12380000000,4763000000,2070000000,7242000000,121000000,-204000000,0,204000000,17766000000,219000000,0,300000000,5575000000,1153000000,204000000,5575000000,4801000000,5779000000,6079000000,4422000000
JNJ,quarterly,2016-12-31,USD,12572000000,18106000000,12413000000,6508000000,12476000000,5431000000,2640000000,96000000,100000000,-184000000,0,184000000,0,254000000,0,305000000,4324000000,510000000,184000000,4324000000,4324000000,4508000000,4813000000,3814000000
JNJ,quarterly,2016-09-30,USD,12334000000,17820000000,10320000000,5486000000,12279000000,4772000000,2178000000,55000000,97000000,-192000000,0,192000000,0,54000000,0,319000000,5281000000,1009000000,192000000,5281000000,4264000000,5473000000,5792000000,4272000000
JNJ,quarterly,2016-06-30,USD,13146000000,18482000000,10626000000,5336000000,12546000000,5176000000,2293000000,600000000,88000000,-190000000,0,190000000,0,-557000000,0,294000000,4904000000,907000000,190000000,4904000000,3681000000,5094000000,5388000000,3997000000
JNJ,quarterly,2016-03-31,USD,12153000000,17482000000,10501000000,5329000000,12087000000,4688000000,2013000000,66000000,83000000,-160000000,0,160000000,0,39000000,0,282000000,5294000000,837000000,160000000,5294000000,5231000000,5454000000,5736000000,4457000000
JNJ,quarterly,2015-12-31,USD,12138000000,17811000000,83000000,6669000000,11841000000,5891000000,214000000,297000000,53000000,-160000000,0,160000000,0,1205000000,0,288000000,3758000000,543000000,160000000,3758000000,3758000000,3918000000,4206000000,3215000000
JNJ,quarterly,2015-09-30,USD,11878000000,16979000000,10305000000,5224000000,4633000000,5081000000,2164000000,7245000000,32000000,-123000000,0,123000000,0,-420000000,0,293000000,4122000000,764000000,123000000,3358000000,2551000000,4245000000,4538000000,3358000000
JNJ,quarterly,2015-06-30,USD,12430000000,17656000000,10741000000,5357000000,4917000000,5384000000,2129000000,7513000000,24000000,-131000000,0,131000000,0,931000000,0,307000000,5741000000,1225000000,131000000,4516000000,5762000000,5872000000,6179000000,4516000000
JNJ,quarterly,2015-03-31,USD,12092000000,17236000000,10441000000,5282000000,5827000000,4847000000,1899000000,7175000000,19000000,-138000000,0,138000000,0,348000000,0,312000000,5575000000,1255000000,138000000,4320000000,1742000000,5713000000,6025000000,4320000000
JNJ,quarterly,2014-12-31,USD,12401000000,18254000000,325000000,6921000000,3012000000,5822000000,156000000,156000000,17000000,-139000000,0,139000000,0,-963000000,0,365000000,2703000000,182000000,139000000,2703000000,-2819000000,2842000000,3207000000,2521000000
JNJ,quarterly,2014-09-30,USD,13068000000,18467000000,5399000000,5399000000,7053000000,5468000000,2023000000,7621000000,18000000,-130000000,0,130000000,0,1345000000,0,335000000,6810000000,2061000000,130000000,4749000000,2374000000,6940000000,7275000000,4749000000
JNJ,quarterly,2014-06-30,USD,13456000000,19495000000,6039000000,6039000000,5875000000,5481000000,2009000000,7618000000,14000000,-128000000,0,128000000,0,-226000000,0,347000000,5626000000,1300000000,128000000,4326000000,3964000000,5754000000,6101000000,4326000000
JNJ,quarterly,2014-03-31,USD,12660000000,18115000000,5455000000,5455000000,5651000000,5183000000,1849000000,7531000000,18000000,-136000000,0,136000000,0,-86000000,0,351000000,5424000000,697000000,136000000,4727000000,4942000000,5560000000,5911000000,4727000000
JNJ,quarterly,2013-12-31,USD,12400000000,18355000000,13875000000,7083000000,3038000000,5917000000,294000000,294000000,18000000,-134000000,0,134000000,0,-868000000,0,383000000,2750000000,-769000000,134000000,2750000000,6005000000,2884000000,3267000000,3519000000
JNJ,quarterly,2013-09-30,USD,12231000000,17575000000,5344000000,5344000000,3872000000,5314000000,2220000000,7639000000,18000000,-105000000,0,105000000,0,-943000000,0,327000000,3667000000,685000000,105000000,2982000000,4446000000,3772000000,4099000000,2982000000
JNJ,quarterly,2013-06-30,USD,12388000000,17877000000,5489000000,5489000000,5020000000,5376000000,1946000000,7440000000,17000000,-118000000,0,118000000,0,-172000000,0,318000000,4793000000,960000000,118000000,3833000000,3712000000,4911000000,5229000000,3833000000
JNJ,quarterly,2013-03-31,USD,11951000000,17505000000,5554000000,5554000000,4482000000,5223000000,1848000000,7589000000,21000000,-125000000,0,125000000,0,-515000000,0,335000000,4261000000,764000000,125000000,3497000000,2618000000,4386000000,4721000000,3497000000
JNJ,quarterly,2012-12-31,USD,11555000000,17558000000,13872000000,7054000000,3342000000,5661000000,59000000,59000000,18000000,-107000000,0,107000000,0,-319000000,0,280000000,3100000000,533000000,107000000,3100000000,1682000000,3207000000,3487000000,2567000000
JNJ,quarterly,2012-09-30,USD,11455000000,17052000000,5597000000,5597000000,3825000000,5228000000,2602000000,7965000000,15000000,-135000000,0,135000000,0,90000000,0,378000000,3934000000,966000000,135000000,2629000000,4247000000,4069000000,4447000000,2968000000
JNJ,quarterly,2012-06-30,USD,11332000000,16475000000,5143000000,5143000000,2657000000,4965000000,344000000,1061000000,14000000,-143000000,0,143000000,0,-2008000000,0,283000000,2035000000,627000000,143000000,2035000000,-256000000,2178000000,2461000000,1408000000
JNJ,quarterly,2012-03-31,USD,11224000000,16139000000,4915000000,4915000000,5130000000,5015000000,1645000000,7054000000,17000000,-147000000,0,147000000,0,611000000,0,205000000,5045000000,1135000000,147000000,5045000000,5002000000,5192000000,5397000000,3910000000
JNJ,quarterly,2011-12-31,USD,10917000000,16255000000,12650000000,6360000000,852000000,5458000000,2155000000,9615000000,35000000,-183000000,0,183000000,0,-2858000000,0,843000000,318000000,100000000,183000000,318000000,-2346000000,501000000,1344000000,218000000
JNJ,quarterly,2011-09-30,USD,10933000000,16005000000,10312000000,5072000000,4649000000,5240000000,1773000000,7147000000,17000000,-134000000,0,134000000,0,308000000,0,783000000,4111000000,909000000,134000000,4111000000,1324000000,4245000000,5028000000,3202000000
JNJ,quarterly,2011-06-30,USD,11425000000,16597000000,10976000000,5172000000,3538000000,5215000000,1882000000,7815000000,18000000,-129000000,0,129000000,0,-206000000,0,777000000,3422000000,646000000,129000000,3422000000,2776000000,3551000000,5123000000,2776000000
JNJ,quarterly,2011-03-31,USD,11395000000,16173000000,9834000000,4778000000,4726000000,5056000000,1738000000,6903000000,21000000,-125000000,0,125000000,0,13000000,0,755000000,4510000000,1034000000,125000000,4510000000,3476000000,4635000000,5390000000,3476000000
JNJ,quarterly,2010-12-31,USD,10604000000,15644000000,1186000000,5985000000,2504000000,5180000000,1982000000,1186000000,24000000,-138000000,0,138000000,0,-1100000000,0,769000000,2228000000,286000000,138000000,2228000000,1469000000,2366000000,3135000000,1942000000
JNJ,quarterly,2010-09-30,USD,10388000000,14982000000,9303000000,4594000000,4361000000,4709000000,1657000000,6474000000,13000000,-108000000,0,108000000,0,292000000,0,725000000,4219000000,802000000,108000000,4219000000,3417000000,4327000000,5052000000,3417000000
JNJ,quarterly,2010-06-30,USD,10700000000,15330000000,9386000000,4630000000,4378000000,4756000000,1648000000,6505000000,43000000,-101000000,0,101000000,0,-18000000,0,711000000,4220000000,771000000,101000000,4220000000,3449000000,4321000000,5032000000,3449000000
JNJ,quarterly,2010-03-31,USD,11103000000,15631000000,9307000000,4528000000,6457000000,4779000000,1557000000,6522000000,27000000,-108000000,0,108000000,0,1594000000,0,734000000,6280000000,1754000000,108000000,6280000000,4526000000,6388000000,5528000000,4526000000
JNJ,quarterly,2009-12-31,USD,11239000000,16551000000,1374000000,113000000,3355000000,5629000000,2213000000,1261000000,12000000,-93000000,0,93000000,0,361000000,0,744000000,2604000000,398000000,93000000,-2635000000,-2635000000,2697000000,3441000000,2206000000
JNJ,quarterly,2009-09-30,USD,10647000000,14939000000,9201000000,4434000000,4263000000,4767000000,1617000000,6526000000,28000000,-142000000,0,142000000,0,96000000,0,675000000,4245000000,900000000,142000000,3345000000,3345000000,4387000000,5062000000,3345000000
JNJ,quarterly,2009-06-30,USD,10789000000,15239000000,4450000000,4450000000,4379000000,4797000000,1638000000,6435000000,0,0,0,110000000,0,6000000,0,679000000,4263000000,1055000000,0,3208000000,0,4373000000,5052000000,3208000000
JNJ,quarterly,2009-03-31,USD,10775000000,15026000000,4251000000,4251000000,4674000000,4608000000,1518000000,6126000000,0,0,0,106000000,0,75000000,0,676000000,4643000000,1136000000,0,0,0,4749000000,5425000000,3507000000
PFE,annual,2023-12-31,USD,8904000000,58496000000,49592000000,24954000000,-27642000000,14771000000,10873000000,36324000000,1624000000,-2209000000,1624000000,2209000000,52890000000,835000000,0,4700000000,1004000000,-1115000000,2209000000,2172000000,2462000000,3213000000,7913000000,2119000000
PFE,annual,2022-12-31,USD,47907000000,100330000000,52423000000,34344000000,16368000000,13677000000,12381000000,31539000000,251000000,-1238000000,1824000000,1238000000,126000000,-217000000,0,3600000000,34700000000,3328000000,1238000000,31401000000,28965000000,35938000000,39538000000,31372000000
PFE,annual,2021-12-31,USD,34573000000,81288000000,45545000000,30821000000,3390000000,12703000000,13829000000,31183000000,36000000,-1291000000,560000000,1291000000,81368000000,4878000000,0,3700000000,23831000000,1852000000,1291000000,22414000000,21393000000,25122000000,28822000000,21979000000
PFE,annual,2020-12-31,USD,18171000000,41651000000,22352000000,8484000000,-5395000000,11597000000,9405000000,23566000000,73000000,-1449000000,538000000,1449000000,41932000000,-1213000000,0,3400000000,9529000000,370000000,1449000000,6630000000,9639000000,10978000000,14378000000,9159000000
PFE,annual,2019-12-31,USD,21948000000,50108000000,28160000000,8054000000,-5052000000,12726000000,8650000000,27000000000,226000000,-1574000000,-1000000,1573000000,51637000000,-3497000000,0,4500000000,16609000000,583000000,1712000000,10708000000,15908000000,18182000000,22682000000,16026000000
PFE,annual,2018-12-31,USD,22784000000,52356000000,29572000000,8987000000,-3920000000,12612000000,8006000000,26704000000,333000000,-1316000000,333000000,1316000000,53672000000,-2077000000,0,161141,10887000000,-266000000,1319000000,3825000000,9198000000,12203000000,21412000000,11153000000
PFE,annual,2017-12-31,USD,23926000000,50828000000,26902000000,11228000000,367000000,14804000000,7657000000,23507000000,391000000,-1270000000,391000000,1270000000,-947000000,-1416000000,0,52516,12259000000,-9049000000,2269000000,21306000000,23023000000,13529000000,20237000000,21308000000
PFE,annual,2016-12-31,USD,22021000000,52231000000,30210000000,12322000000,-3732000000,14844000000,7872000000,25753000000,470000000,-1186000000,470000000,1186000000,-312000000,-3794000000,0,22816,8338000000,1123000000,1498000000,7198000000,5701000000,9524000000,19076000000,7215000000
PFE,annual,2015-12-31,USD,17663000000,47768000000,30105000000,9648000000,-10484000000,14809000000,7690000000,28147000000,471000000,-1199000000,1597000000,1199000000,-806000000,-2860000000,0,3800000000,8950000000,1990000000,1199000000,6949000000,4755000000,10149000000,13949000000,6960000000
PFE,annual,2014-12-31,USD,20754000000,49247000000,28493000000,9577000000,-6555000000,14097000000,8393000000,27309000000,425000000,-1360000000,0,1360000000,0,-1009000000,0,4100000000,12255000000,3120000000,1360000000,9087000000,5090000000,13615000000,17715000000,9135000000
PFE,annual,2013-12-31,USD,20944000000,50893000000,29949000000,9586000000,-6044000000,14355000000,6678000000,28082000000,403000000,-1011000000,403000000,1414000000,320000000,532000000,0,4800000000,26309000000,4306000000,1414000000,11380000000,24658000000,27723000000,32523000000,22003000000
PFE,annual,2012-12-31,USD,22350000000,57553000000,35203000000,9821000000,-9870000000,15171000000,7870000000,33692000000,382000000,-1140000000,382000000,1522000000,52000000,-4022000000,0,5400000000,16791000000,2221000000,1524000000,8993000000,12746000000,18313000000,23713000000,14570000000
PFE,annual,2011-12-31,USD,23631000000,65824000000,42193000000,12500000000,-13008000000,17581000000,9112000000,38319000000,0,-1225000000,456000000,1681000000,1000000,-139000000,0,5585000000,13630000000,3621000000,1681000000,7820000000,9320000000,15311000000,20896000000,10009000000
PFE,annual,2010-12-31,USD,21035000000,66010000000,44975000000,14788000000,-16937000000,18973000000,9538000000,39771000000,0,-1799000000,-2000000,1797000000,262000000,147000000,0,5404000000,9410000000,1153000000,1799000000,8287000000,4265000000,11207000000,16611000000,8257000000
PFE,annual,2009-12-31,USD,23369000000,50009000000,26640000000,8459000000,-2296000000,14752000000,7913000000,25665000000,0,-1233000000,-1000000,1232000000,188000000,-62000000,0,2877000000,10780000000,2145000000,1233000000,8521000000,22405000000,12012000000,14889000000,8635000000
PFE,quarterly,2024-09-30,USD,8984000000,17702000000,8718000000,5263000000,2771000000,3244000000,2611000000,6213000000,116000000,-667000000,116000000,783000000,914000000,-243000000,0,1300000000,4699000000,234000000,0,4481000000,4310000000,5482000000,6782000000,4465000000
PFE,quarterly,2024-06-30,USD,4878000000,13283000000,8405000000,3300000000,-3204000000,3717000000,2702000000,8082000000,130000000,-648000000,130000000,778000000,2000000,-1107000000,0,1300000000,-93000000,-134000000,0,31000000,-17000000,685000000,1985000000,41000000
PFE,quarterly,2024-03-31,USD,6602000000,14879000000,8277000000,3379000000,-1100000000,3495000000,2493000000,7702000000,129000000,-790000000,129000000,790000000,214000000,-680000000,0,1300000000,3408000000,293000000,790000000,3128000000,3319000000,4198000000,5498000000,3115000000
PFE,quarterly,2023-12-31,USD,-3889000000,14249000000,18138000000,7563000000,-17882000000,4575000000,2887000000,13771000000,609000000,-688000000,609000000,688000000,52620000000,479000000,0,1200000000,-4164000000,-795000000,688000000,-3335000000,-3364000000,-3476000000,-2276000000,-3369000000
PFE,quarterly,2023-09-30,USD,625000000,13491000000,12607000000,9269000000,-5654000000,3281000000,2778000000,6279000000,523000000,-695000000,424000000,695000000,223000000,-181000000,0,1200000000,-3346000000,-964000000,695000000,-2388000000,-2247000000,-2651000000,-1451000000,-2382000000
PFE,quarterly,2023-06-30,USD,5882000000,13007000000,6852000000,3237000000,-646000000,3497000000,2681000000,6528000000,316000000,-508000000,99000000,508000000,14000000,75000000,0,1184000000,2256000000,-71000000,508000000,2340000000,2514000000,2764000000,4210000000,2327000000
PFE,quarterly,2023-03-31,USD,9990000000,18486000000,8496000000,4886000000,3738000000,3418000000,2526000000,6252000000,177000000,-318000000,524000000,318000000,33000000,-275000000,0,41584,6258000000,715000000,318000000,5555000000,5558000000,6576000000,7869000000,5543000000
PFE,quarterly,2022-12-31,USD,6039000000,24290000000,18251000000,9648000000,-6856000000,4645000000,3688000000,12895000000,137000000,-313000000,57000000,313000000,42000000,846000000,0,54880,5224000000,230000000,313000000,5001000000,4916000000,5537000000,7562000000,4994000000
PFE,quarterly,2022-09-30,USD,13091000000,22638000000,9547000000,6063000000,5997000000,3391000000,3220000000,7094000000,70000000,-311000000,403000000,311000000,5000000,59000000,0,27081,8964000000,356000000,311000000,8645000000,7503000000,9275000000,11249000000,8608000000
PFE,quarterly,2022-06-30,USD,15598000000,27742000000,12144000000,8648000000,9562000000,3048000000,2816000000,6036000000,30000000,-293000000,30000000,293000000,68000000,-772000000,0,86065,11476000000,1570000000,293000000,9877000000,8943000000,11769000000,13905000000,9906000000
PFE,quarterly,2022-03-31,USD,13182000000,25661000000,12479000000,9984000000,7670000000,2593000000,2656000000,5512000000,14000000,-322000000,14000000,322000000,11000000,-350000000,0,60459,9036000000,1172000000,322000000,7879000000,7604000000,9358000000,11521000000,7864000000
PFE,quarterly,2021-12-31,USD,6731000000,24730000000,16829000000,9736000000,-7259000000,4104000000,5915000000,13990000000,15000000,-316000000,395000000,316000000,23835000000,835000000,0,71391,3642000000,249000000,316000000,3851000000,3145000000,3958000000,5568000000,3393000000
PFE,quarterly,2021-09-30,USD,11443000000,23788000000,12345000000,9932000000,4418000000,2899000000,3443000000,7025000000,10000000,-325000000,10000000,325000000,24113000000,1696000000,0,54000,7818000000,-328000000,325000000,8155000000,7256000000,8143000000,9360000000,8146000000
PFE,quarterly,2021-06-30,USD,8878000000,18559000000,9681000000,6996000000,3532000000,2923000000,2458000000,5346000000,13000000,-316000000,637000000,316000000,18875000000,1343000000,0,55806,6686000000,1123000000,316000000,5539000000,5469000000,7002000000,7345000000,5563000000
PFE,quarterly,2021-03-31,USD,7518000000,14208000000,6690000000,4157000000,2694000000,2777000000,2013000000,4824000000,0,-336000000,127000000,336000000,14544000000,1004000000,0,55213,5685000000,808000000,336000000,4868000000,5523000000,6021000000,6295000000,4877000000
PFE,quarterly,2020-12-31,USD,678000000,6852000000,5046000000,2711000000,-6368000000,3739000000,3189000000,7046000000,3000000,-271000000,76000000,347000000,5955000000,-99000000,0,55131,782000000,-64000000,271000000,651000000,1646000000,1129000000,2403000000,846000000
PFE,quarterly,2020-09-30,USD,5211000000,11713000000,6502000000,2007000000,-1104000000,2658000000,2360000000,6315000000,17000000,-416000000,-71000000,345000000,12129000000,-1878000000,0,52750,1122000000,-347000000,416000000,909000000,2766000000,1467000000,4470000000,1469000000
PFE,quarterly,2020-06-30,USD,5874000000,11428000000,5554000000,1826000000,343000000,2659000000,2132000000,5531000000,19000000,-372000000,-5000000,367000000,11800000000,955000000,0,51116,3911000000,422000000,372000000,2596000000,3314000000,4278000000,4778000000,3489000000
PFE,quarterly,2020-03-31,USD,6407000000,11657000000,5250000000,1940000000,1733000000,2541000000,1724000000,4674000000,34000000,-390000000,34000000,390000000,12047000000,-190000000,0,47300,3714000000,359000000,390000000,2474000000,1914000000,4104000000,5374000000,3355000000
PFE,quarterly,2019-12-31,USD,2168000000,12298000000,10130000000,443000000,-8475000000,2616000000,2823000000,10643000000,41000000,-416000000,-1000000,415000000,12700000000,-2960000000,0,46467,-2566000000,-1983000000,416000000,-5898000000,-176000000,-2151000000,3168000000,-583000000
PFE,quarterly,2019-09-30,USD,6113000000,12284000000,6171000000,2602000000,210000000,3260000000,2283000000,5903000000,60000000,-409000000,60000000,409000000,12683000000,-319000000,0,44646,10727000000,3047000000,409000000,7676000000,7415000000,11136000000,4747000000,7680000000
PFE,quarterly,2019-06-30,USD,6961000000,12892000000,5931000000,2576000000,1723000000,3511000000,1842000000,5238000000,59000000,-389000000,59000000,389000000,13270000000,-126000000,0,40963,4131000000,-915000000,389000000,5046000000,4434000000,4520000000,5703000000,5046000000
PFE,quarterly,2019-03-31,USD,6696000000,12624000000,5928000000,2433000000,1455000000,3339000000,1703000000,5241000000,66000000,-361000000,304000000,361000000,12985000000,-92000000,0,40374,4317000000,433000000,499000000,3884000000,4236000000,4678000000,6130000000,3884000000
PFE,quarterly,2018-12-31,USD,2762000000,13734000000,10972000000,814000000,-7824000000,2164000000,2457000000,10586000000,93000000,-370000000,0,370000000,14104000000,-3220000000,0,1253000000,-1929000000,-1536000000,373000000,-7712000000,-1252000000,-1559000000,4765000000,-393000000
PFE,quarterly,2018-09-30,USD,6721000000,12926000000,6205000000,2694000000,1104000000,3494000000,2008000000,5617000000,82000000,-310000000,0,310000000,13236000000,414000000,0,1253000000,4180000000,66000000,310000000,4103000000,3700000000,4490000000,5187000000,4114000000
PFE,quarterly,2018-06-30,USD,6701000000,13159000000,6458000000,2916000000,1381000000,3542000000,1797000000,5320000000,80000000,-326000000,0,326000000,13485000000,551000000,0,1191000000,4520000000,648000000,326000000,3872000000,3270000000,4846000000,5255000000,3872000000
PFE,quarterly,2018-03-31,USD,6673000000,12609000000,5936000000,2563000000,1501000000,3412000000,1743000000,5172000000,77000000,-310000000,0,310000000,12919000000,178000000,0,1196000000,4117000000,556000000,313000000,3562000000,3480000000,4427000000,5391000000,3561000000
PFE,quarterly,2017-12-31,USD,4634000000,12828000000,8194000000,3256000000,-2745000000,4555000000,2290000000,7327000000,116000000,-330000000,0,330000000,-39887000000,-1351000000,0,1187000000,938000000,-11336000000,1329000000,12274000000,12117000000,1268000000,3902000000,12274000000
PFE,quarterly,2017-09-30,USD,6236000000,12871000000,6635000000,2844000000,438000000,3504000000,1865000000,5798000000,99000000,-320000000,0,320000000,13191000000,-79000000,0,1177000000,3567000000,727000000,320000000,2840000000,3857000000,3887000000,5393000000,2840000000
PFE,quarterly,2017-06-30,USD,6439000000,12584000000,6145000000,2660000000,1156000000,3430000000,1787000000,5283000000,94000000,-312000000,0,312000000,12896000000,75000000,0,1208000000,3812000000,739000000,312000000,3071000000,3486000000,4124000000,5391000000,3073000000
PFE,quarterly,2017-03-31,USD,6737000000,12604000000,5867000000,2468000000,1614000000,3315000000,1716000000,5075000000,81000000,-309000000,0,309000000,48000000,-60000000,0,1186000000,3942000000,821000000,309000000,3121000000,3563000000,4251000000,5549000000,3121000000
PFE,quarterly,2016-12-31,USD,-241000000,13229000000,241000000,3211000000,-482000000,4430000000,2512000000,241000000,113000000,-297000000,0,297000000,0,-979000000,0,1121000000,789000000,14000000,609000000,758000000,-2046000000,1086000000,3586000000,775000000
PFE,quarterly,2016-09-30,USD,5732000000,12987000000,7255000000,3085000000,-279000000,3559000000,1881000000,6011000000,123000000,-291000000,0,291000000,0,-1417000000,0,968000000,1604000000,249000000,291000000,1355000000,2032000000,1895000000,4931000000,1355000000
PFE,quarterly,2016-06-30,USD,5388000000,13129000000,7741000000,3174000000,-1188000000,3471000000,1748000000,6576000000,122000000,-292000000,0,292000000,0,-1068000000,0,961000000,2394000000,347000000,292000000,2046000000,2676000000,2686000000,5085000000,2047000000
PFE,quarterly,2016-03-31,USD,6402000000,12886000000,6484000000,2851000000,764000000,3385000000,1731000000,5638000000,113000000,-306000000,0,306000000,0,-330000000,0,1006000000,3551000000,513000000,306000000,3038000000,3040000000,3857000000,5461000000,3038000000
PFE,quarterly,2015-12-31,USD,354000000,13145000000,12791000000,3410000000,-11375000000,5048000000,2348000000,11729000000,139000000,-335000000,0,335000000,0,-2190000000,0,980000000,-360000000,-188000000,335000000,-169000000,-523000000,-25000000,3285000000,-172000000
PFE,quarterly,2015-09-30,USD,5374000000,12013000000,6639000000,2219000000,-768000000,3270000000,1722000000,6142000000,121000000,-278000000,0,278000000,0,-661000000,0,937000000,2697000000,567000000,278000000,2122000000,1481000000,2975000000,5151000000,2130000000
PFE,quarterly,2015-06-30,USD,6156000000,11832000000,5676000000,2180000000,926000000,3386000000,1734000000,5230000000,119000000,-278000000,0,278000000,0,-55000000,0,872000000,3531000000,905000000,278000000,2626000000,2663000000,3809000000,4943000000,2626000000
PFE,quarterly,2015-03-31,USD,5780000000,10777000000,4997000000,1838000000,736000000,3104000000,1885000000,5044000000,93000000,-309000000,0,309000000,0,46000000,0,940000000,3082000000,706000000,309000000,2371000000,1134000000,3391000000,4317000000,2376000000
PFE,quarterly,2014-12-31,USD,2007000000,13030000000,11023000000,2702000000,-9523000000,3981000000,3209000000,11530000000,122000000,-353000000,0,353000000,0,-344000000,0,948000000,1773000000,545000000,353000000,1249000000,-2621000000,2126000000,3650000000,1228000000
PFE,quarterly,2014-09-30,USD,6121000000,12269000000,6148000000,2368000000,539000000,3556000000,1802000000,5582000000,108000000,-343000000,0,343000000,0,-94000000,0,972000000,3577000000,911000000,343000000,2669000000,2351000000,3920000000,5101000000,2666000000
PFE,quarterly,2014-06-30,USD,6471000000,12534000000,6063000000,2462000000,1111000000,3520000000,1759000000,5703000000,104000000,-239000000,104000000,343000000,0,53000000,0,1001000000,3994000000,1082000000,343000000,2912000000,3150000000,4337000000,5393000000,2912000000
PFE,quarterly,2014-03-31,USD,5844000000,11124000000,5280000000,2045000000,972000000,3040000000,1623000000,5193000000,92000000,-229000000,92000000,321000000,0,-623000000,0,1117000000,2911000000,582000000,321000000,2256000000,2210000000,3232000000,4971000000,2329000000
PFE,quarterly,2013-12-31,USD,4252000000,13475000000,9223000000,2794000000,-3935000000,4152000000,1811000000,8673000000,112000000,56000000,403000000,347000000,-139000000,18000000,0,1200000000,2998000000,430000000,347000000,2626000000,5653000000,3345000000,4545000000,2568000000
PFE,quarterly,2013-09-30,USD,5279000000,12303000000,7024000000,2287000000,-1085000000,3395000000,1627000000,6704000000,94000000,-340000000,0,340000000,0,-411000000,0,1117000000,3575000000,985000000,340000000,2582000000,2672000000,3915000000,5670000000,2590000000
PFE,quarterly,2013-06-30,USD,6721000000,12586000000,5865000000,2242000000,1568000000,3591000000,1530000000,5540000000,0,-254000000,0,356000000,-31000000,-29000000,0,1200000000,15877000000,1782000000,356000000,3565000000,13785000000,16233000000,17433000000,14095000000
PFE,quarterly,2013-03-31,USD,5496000000,13599000000,8103000000,2263000000,-1675000000,3217000000,1800000000,7072000000,0,-276000000,0,371000000,490000000,-128000000,0,1300000000,3859000000,1109000000,391000000,2607000000,2548000000,4230000000,5530000000,2750000000
PFE,quarterly,2012-12-31,USD,4848000000,14741000000,9893000000,2753000000,-4490000000,4337000000,2136000000,9704000000,0,11000000,0,373000000,7000000,-3875000000,0,1300000000,6914000000,599000000,373000000,1472000000,6015000000,7287000000,8587000000,6315000000
PFE,quarterly,2012-09-30,USD,5647000000,13613000000,7966000000,2309000000,-1635000000,3491000000,1981000000,7645000000,0,-382000000,0,381000000,19000000,-62000000,0,1300000000,3025000000,-183000000,382000000,2983000000,3563000000,3406000000,4706000000,3208000000
PFE,quarterly,2012-06-30,USD,6065000000,13590000000,7525000000,2376000000,-684000000,3665000000,1600000000,7127000000,0,-378000000,0,378000000,0,65000000,0,1291000000,4433000000,1180000000,378000000,2993000000,867000000,4811000000,6111000000,3253000000
PFE,quarterly,2012-03-31,USD,5520000000,14495000000,8975000000,2745000000,-2772000000,3968000000,2062000000,8682000000,0,-390000000,0,390000000,0,-175000000,0,1420000000,2505000000,711000000,390000000,1715000000,2301000000,2895000000,4395000000,1794000000
PFE,quarterly,2011-12-31,USD,5566000000,17944000000,12378000000,2051000000,-5220000000,3946000000,2625000000,11228000000,0,60000000,0,396000000,-46000000,-41000000,0,1285000000,1893000000,454000000,396000000,869000000,-1474000000,2289000000,3574000000,1439000000
PFE,quarterly,2011-09-30,USD,6717000000,16207000000,9490000000,3409000000,-1540000000,4457000000,2176000000,8659000000,0,-423000000,0,423000000,0,-113000000,0,1397000000,4954000000,1216000000,423000000,2314000000,3480000000,5377000000,6777000000,3738000000
PFE,quarterly,2011-06-30,USD,6081000000,16095000000,10014000000,3571000000,-2593000000,4800000000,2231000000,9064000000,0,-404000000,0,404000000,0,16000000,0,1395000000,3687000000,1077000000,404000000,2513000000,3712000000,4091000000,5615000000,2610000000
PFE,quarterly,2011-03-31,USD,6110000000,16056000000,9946000000,3693000000,-2234000000,4503000000,2091000000,8790000000,0,-458000000,0,458000000,0,1000000,0,1376000000,3116000000,894000000,458000000,2212000000,3602000000,3574000000,5074000000,2222000000
PFE,quarterly,2010-12-31,USD,5604000000,17402000000,11798000000,3112000000,-4203000000,5197000000,2874000000,10511000000,0,-461000000,0,459000000,19000000,184000000,0,1432000000,878000000,-2012000000,461000000,2987000000,3149000000,1337000000,2769000000,2890000000
PFE,quarterly,2010-09-30,USD,-212000000,15581000000,212000000,3790000000,-212000000,4599000000,2188000000,8829000000,0,-427000000,0,427000000,0,-3000000,0,1156000000,1424000000,558000000,427000000,851000000,1574000000,1851000000,3007000000,866000000
PFE,quarterly,2010-06-30,USD,6300000000,16928000000,10628000000,3684000000,-2825000000,4774000000,2181000000,9329000000,0,-389000000,0,389000000,0,-18000000,0,1407000000,3947000000,1472000000,389000000,2444000000,10000000,4336000000,5743000000,2475000000
PFE,quarterly,2010-03-31,USD,5793000000,16099000000,10306000000,4202000000,-2606000000,4403000000,2295000000,8876000000,0,-522000000,0,522000000,0,-52000000,0,1409000000,3161000000,1135000000,522000000,2005000000,-468000000,3683000000,5092000000,2026000000
PFE,quarterly,2009-12-31,USD,6113000000,16537000000,10424000000,3506000000,-3237000000,5244000000,2861000000,9350000000,0,-464000000,0,463000000,0,-39000000,0,1122000000,-40000000,-807000000,464000000,659000000,11866000000,423000000,1545000000,767000000
PFE,quarterly,2009-09-30,USD,5956000000,11621000000,5665000000,1789000000,448000000,3282000000,1632000000,5508000000,0,-369000000,0,369000000,0,23000000,0,594000000,3970000000,1092000000,369000000,2876000000,3067000000,4339000000,4951000000,2878000000
PFE,quarterly,2009-06-30,USD,9228000000,10984000000,1756000000,1756000000,3580000000,3350000000,1715000000,5720000000,0,0,0,66000000,0,0,0,583000000,3047000000,786000000,0,2258000000,4847000000,3967000000,4550000000,2261000000
PFE,quarterly,2009-03-31,USD,9459000000,10867000000,1408000000,1408000000,4300000000,2876000000,1705000000,5102000000,0,0,0,115000000,0,0,0,578000000,3803000000,1074000000,0,0,0,4911000000,5489000000,2729000000
PFE,quarterly,2008-12-31,USD,10631000000,12346000000,1715000000,1715000000,4064000000,3659000000,2303000000,6567000000,0,0,0,95000000,0,0,0,1178000000,660000000,394000000,0,0,0,8275000000,9453000000,266000000
PFE,quarterly,2008-09-30,USD,9851000000,11973000000,2122000000,2122000000,2521000000,3523000000,1885000000,6029000000,0,0,0,186000000,0,0,0,1196000000,2741000000,463000000,0,0,0,4922000000,6118000000,2278000000
PFE,quarterly,2008-06-30,USD,9840000000,12129000000,2289000000,2289000000,2709000000,3863000000,1966000000,6492000000,0,0,0,99000000,0,0,0,1229000000,2801000000,25000000,0,0,0,3906000000,5135000000,2776000000
UNH,annual,2023-12-31,USD,274252000000,371622000000,97370000000,38770000000,32358000000,54628000000,0,58600000000,4089000000,-3246000000,0,3246000000,290827000000,0,1100000000,3972000000,28349000000,5968000000,3246000000,23144000000,23747000000,31595000000,35567000000,22381000000
UNH,annual,2022-12-31,USD,239277000000,324162000000,84885000000,33703000000,28435000000,47782000000,0,51182000000,2030000000,-2092000000,2092000000,2092000000,257157000000,0,1100000000,3400000000,25824000000,5704000000,2092000000,20639000000,17111000000,27916000000,31316000000,20120000000
UNH,annual,2021-12-31,USD,210881000000,287597000000,76716000000,31034000000,23970000000,42579000000,0,45682000000,2324000000,-1660000000,1660000000,1660000000,226233000000,0,1000000000,3103000000,21863000000,4578000000,1660000000,17732000000,15715000000,23523000000,26626000000,17285000000
UNH,annual,2020-12-31,USD,181801000000,257141000000,75340000000,30745000000,22405000000,41704000000,0,44595000000,1502000000,-1663000000,1663000000,1663000000,201478000000,0,1000000000,2891000000,20376000000,4973000000,1663000000,15769000000,15167000000,22039000000,24930000000,15403000000
UNH,annual,2019-12-31,USD,176125000000,242155000000,66030000000,28117000000,19685000000,35193000000,0,37913000000,1886000000,-1704000000,1704000000,1704000000,189699000000,0,995000000,2720000000,17581000000,3742000000,1704000000,14239000000,14421000000,19285000000,22005000000,13839000000
UNH,annual,2018-12-31,USD,162747000000,226247000000,63500000000,26998000000,17344000000,34074000000,0,36502000000,1376000000,-1400000000,1400000000,1400000000,178087000000,0,924000000,2428000000,15548000000,3562000000,1400000000,12382000000,10469000000,16948000000,19376000000,11986000000
UNH,annual,2017-12-31,USD,145245000000,201159000000,55914000000,24112000000,15209000000,29557000000,0,31802000000,1023000000,-1186000000,1186000000,1186000000,158453000000,0,799000000,2245000000,13758000000,3200000000,1186000000,10823000000,10572000000,14944000000,17189000000,10558000000
UNH,annual,2016-12-31,USD,129968000000,184840000000,54872000000,24416000000,12930000000,28401000000,0,30456000000,828000000,-1067000000,1067000000,1067000000,144118000000,0,698000000,2055000000,11807000000,4790000000,1067000000,7073000000,7670000000,12874000000,14929000000,7017000000
UNH,annual,2015-12-31,USD,114896000000,157107000000,42211000000,16206000000,11021000000,24312000000,0,26005000000,710000000,-790000000,790000000,790000000,127163000000,0,613000000,1693000000,10176000000,4363000000,790000000,5868000000,3871000000,10966000000,12659000000,5813000000
UNH,annual,2014-12-31,USD,103531000000,130474000000,26943000000,3784000000,10274000000,21263000000,0,23159000000,779000000,-618000000,0,618000000,115302000000,0,532000000,1478000000,9656000000,4037000000,618000000,5619000000,5135000000,10274000000,11752000000,5619000000
UNH,annual,2013-12-31,USD,-79667000000,122489000000,202156000000,2839000000,9623000000,18941000000,0,21883000000,745000000,-708000000,0,708000000,109557000000,0,445000000,1375000000,8867000000,3242000000,708000000,5673000000,4279000000,9575000000,10950000000,5625000000
UNH,annual,2012-12-31,USD,-70978000000,110618000000,181596000000,2523000000,9254000000,17306000000,0,19587000000,680000000,-632000000,0,632000000,99728000000,0,449000000,1309000000,8622000000,3096000000,632000000,5526000000,5503000000,9254000000,10563000000,5526000000
UNH,annual,2011-12-31,USD,-65880000000,101862000000,167742000000,2385000000,8464000000,15557000000,0,17493000000,654000000,-505000000,0,505000000,91983000000,0,386000000,1124000000,7959000000,2817000000,505000000,5142000000,5351000000,8464000000,9588000000,5142000000
UNH,annual,2010-12-31,USD,-61149000000,94155000000,155304000000,2116000000,7864000000,14270000000,0,16284000000,609000000,-481000000,0,481000000,85405000000,0,398000000,1064000000,7383000000,2749000000,481000000,4634000000,4633000000,7864000000,8928000000,4634000000
UNH,annual,2009-12-31,USD,-58930000000,87138000000,146068000000,1765000000,6359000000,12734000000,0,14276000000,592000000,-551000000,0,551000000,79315000000,0,436000000,991000000,5808000000,1986000000,551000000,3822000000,4127000000,6359000000,7350000000,3822000000
UNH,quarterly,2024-09-30,USD,-57249000000,100820000000,158069000000,11834000000,8708000000,13280000000,0,14321000000,1643000000,-1074000000,0,1074000000,77442000000,0,0,1041000000,7411000000,1356000000,0,6258000000,7025000000,8485000000,9526000000,6055000000
UNH,quarterly,2024-06-30,USD,-57583000000,98855000000,156438000000,11340000000,7875000000,13162000000,0,14182000000,997000000,-985000000,0,985000000,76897000000,0,0,1020000000,5460000000,1244000000,0,4421000000,4232000000,6445000000,7465000000,4216000000
UNH,quarterly,2024-03-31,USD,-57804000000,99796000000,157600000000,11056000000,7931000000,14077000000,0,22160000000,1011000000,-844000000,0,844000000,70902000000,0,0,997000000,-187000000,1222000000,0,-1221000000,2179000000,657000000,1654000000,-1409000000
UNH,quarterly,2023-12-31,USD,69920000000,94427000000,24507000000,10194000000,7689000000,13339000000,0,14313000000,1179000000,-830000000,0,830000000,73228000000,0,0,974000000,6639000000,1184000000,830000000,5675000000,7116000000,7469000000,8443000000,5455000000
UNH,quarterly,2023-09-30,USD,68076000000,92361000000,24285000000,9423000000,8526000000,13855000000,0,14862000000,997000000,-834000000,0,834000000,72339000000,0,0,1007000000,7495000000,1654000000,834000000,6038000000,4803000000,8329000000,9336000000,5841000000
UNH,quarterly,2023-06-30,USD,68325000000,92903000000,24578000000,9748000000,8057000000,13809000000,0,14830000000,1115000000,-828000000,0,828000000,72474000000,0,0,1021000000,7046000000,1572000000,828000000,5657000000,5373000000,7874000000,8895000000,5474000000
UNH,quarterly,2023-03-31,USD,67931000000,91931000000,24000000000,9405000000,8086000000,13625000000,0,14595000000,798000000,-754000000,754000000,754000000,72786000000,0,0,970000000,7169000000,1558000000,754000000,5774000000,6455000000,7923000000,8893000000,5611000000
UNH,quarterly,2022-12-31,USD,60482000000,82787000000,22305000000,8314000000,6891000000,13009000000,0,13991000000,855000000,-676000000,676000000,676000000,64700000000,0,0,982000000,6068000000,1307000000,676000000,4908000000,5454000000,6744000000,7726000000,4761000000
UNH,quarterly,2022-09-30,USD,60097000000,80894000000,20797000000,8306000000,7462000000,11663000000,0,12491000000,513000000,-516000000,516000000,516000000,64491000000,0,0,828000000,6824000000,1562000000,516000000,5384000000,3906000000,7340000000,8168000000,5262000000
UNH,quarterly,2022-06-30,USD,59225000000,80332000000,21107000000,8596000000,7132000000,11709000000,0,12511000000,295000000,-467000000,467000000,467000000,63896000000,0,0,802000000,6536000000,1466000000,467000000,5199000000,3366000000,7003000000,7805000000,5070000000
UNH,quarterly,2022-03-31,USD,59473000000,80149000000,20676000000,8487000000,6950000000,11401000000,0,12189000000,367000000,-433000000,433000000,433000000,64070000000,0,0,788000000,6396000000,1369000000,433000000,5148000000,4385000000,6829000000,7617000000,5027000000
UNH,quarterly,2021-12-31,USD,53700000000,73743000000,20043000000,8000000000,5541000000,11272000000,0,12043000000,813000000,-431000000,431000000,431000000,57547000000,0,0,771000000,4990000000,919000000,431000000,4191000000,3543000000,5421000000,6192000000,4071000000
UNH,quarterly,2021-09-30,USD,53014000000,72337000000,19323000000,7802000000,5712000000,10725000000,0,11521000000,503000000,-422000000,422000000,422000000,56967000000,0,0,796000000,5185000000,1099000000,422000000,4191000000,3316000000,5607000000,6403000000,4086000000
UNH,quarterly,2021-06-30,USD,52524000000,71321000000,18797000000,7660000000,5978000000,10359000000,0,11137000000,556000000,-410000000,410000000,410000000,56233000000,0,0,778000000,5462000000,1196000000,410000000,4372000000,5006000000,5872000000,6650000000,4266000000
UNH,quarterly,2021-03-31,USD,51643000000,70196000000,18553000000,7572000000,6739000000,10223000000,0,10981000000,452000000,-397000000,397000000,397000000,55486000000,0,0,758000000,6226000000,1364000000,397000000,4978000000,3850000000,6623000000,7381000000,4862000000
UNH,quarterly,2020-12-31,USD,45599000000,65467000000,19868000000,7622000000,3517000000,11514000000,0,12246000000,445000000,-401000000,401000000,401000000,50581000000,0,0,732000000,2976000000,764000000,401000000,2352000000,2892000000,3377000000,4109000000,2212000000
UNH,quarterly,2020-09-30,USD,46287000000,65115000000,18828000000,7935000000,4651000000,10174000000,0,10893000000,351000000,-395000000,395000000,395000000,50863000000,0,0,719000000,4172000000,1000000000,395000000,3256000000,3228000000,4567000000,5286000000,3172000000
UNH,quarterly,2020-06-30,USD,43919000000,62138000000,18219000000,7501000000,9241000000,10001000000,0,10718000000,341000000,-430000000,430000000,430000000,49394000000,0,0,717000000,8752000000,2115000000,430000000,6696000000,7447000000,9182000000,9899000000,6637000000
UNH,quarterly,2020-03-31,USD,45996000000,64421000000,18425000000,7687000000,4996000000,10015000000,0,10738000000,365000000,-437000000,437000000,437000000,50640000000,0,0,723000000,4476000000,1094000000,437000000,3465000000,1600000000,4913000000,5636000000,3382000000
UNH,quarterly,2019-12-31,USD,44371000000,60901000000,16530000000,6511000000,5095000000,9301000000,0,10019000000,433000000,-437000000,437000000,437000000,47625000000,0,0,718000000,4531000000,990000000,437000000,3668000000,3672000000,4968000000,5686000000,3541000000
UNH,quarterly,2019-09-30,USD,44055000000,60351000000,16296000000,6627000000,5014000000,8960000000,0,9669000000,466000000,-449000000,449000000,449000000,47397000000,0,0,709000000,4474000000,936000000,449000000,3629000000,3102000000,4923000000,5632000000,3538000000
UNH,quarterly,2019-06-30,USD,43928000000,60595000000,16667000000,7598000000,4744000000,8415000000,0,9069000000,582000000,-418000000,418000000,418000000,47164000000,0,0,654000000,4234000000,941000000,418000000,3385000000,3778000000,4652000000,5306000000,3293000000
UNH,quarterly,2019-03-31,USD,43771000000,60308000000,16537000000,7381000000,4832000000,8517000000,0,9156000000,405000000,-400000000,0,400000000,47513000000,0,0,639000000,4342000000,875000000,400000000,3557000000,3869000000,4742000000,5381000000,3467000000
UNH,quarterly,2018-12-31,USD,41452000000,58417000000,16965000000,7625000000,4497000000,8703000000,0,9340000000,341000000,-374000000,0,374000000,44932000000,0,0,637000000,3999000000,959000000,374000000,3164000000,3266000000,4373000000,5010000000,3040000000
UNH,quarterly,2018-09-30,USD,40748000000,56556000000,15808000000,6718000000,4590000000,8479000000,0,9090000000,382000000,-353000000,0,353000000,44613000000,0,0,611000000,4141000000,953000000,353000000,3284000000,2882000000,4494000000,5105000000,3188000000
UNH,quarterly,2018-06-30,USD,40631000000,56086000000,15455000000,6471000000,4204000000,8386000000,0,8984000000,355000000,-344000000,0,344000000,44458000000,0,0,598000000,3772000000,850000000,344000000,3010000000,1793000000,4116000000,4714000000,2922000000
UNH,quarterly,2018-03-31,USD,39916000000,55188000000,15272000000,6184000000,4053000000,8506000000,0,9088000000,298000000,-329000000,0,329000000,44084000000,0,0,582000000,3636000000,800000000,329000000,2924000000,2528000000,3965000000,4547000000,2836000000
UNH,quarterly,2017-12-31,USD,37184000000,52061000000,14877000000,6479000000,3977000000,7820000000,0,8398000000,298000000,-308000000,0,308000000,40378000000,0,0,578000000,3565000000,-52000000,308000000,3721000000,3303000000,3873000000,4451000000,3617000000
UNH,quarterly,2017-09-30,USD,36289000000,50322000000,14033000000,6068000000,4088000000,7387000000,0,7965000000,247000000,-294000000,0,294000000,39552000000,0,0,578000000,3718000000,1233000000,294000000,2561000000,2723000000,4012000000,4590000000,2485000000
UNH,quarterly,2017-06-30,USD,36280000000,50053000000,13773000000,5889000000,3731000000,7328000000,0,7884000000,256000000,-301000000,0,301000000,39585000000,0,0,556000000,3364000000,1080000000,301000000,2350000000,2140000000,3665000000,4221000000,2284000000
UNH,quarterly,2017-03-31,USD,35492000000,48723000000,13231000000,5676000000,3413000000,7022000000,0,7555000000,222000000,-283000000,0,283000000,38938000000,0,0,533000000,3111000000,939000000,283000000,2191000000,2406000000,3394000000,3927000000,2172000000
UNH,quarterly,2016-12-31,USD,32883000000,47535000000,14652000000,6308000000,3187000000,7817000000,0,8344000000,261000000,-268000000,0,268000000,36752000000,0,0,527000000,2895000000,1211000000,268000000,1708000000,1306000000,3163000000,3690000000,1684000000
UNH,quarterly,2016-09-30,USD,32620000000,46293000000,13673000000,6125000000,3580000000,7033000000,0,7548000000,191000000,-269000000,0,269000000,36142000000,0,0,515000000,3301000000,1333000000,269000000,1978000000,1868000000,3570000000,4085000000,1968000000
UNH,quarterly,2016-06-30,USD,33075000000,46485000000,13410000000,6106000000,3203000000,6793000000,0,7304000000,193000000,-271000000,0,271000000,36413000000,0,0,511000000,2926000000,1172000000,271000000,1760000000,2355000000,3197000000,3708000000,1754000000
UNH,quarterly,2016-03-31,USD,31390000000,44527000000,13137000000,5877000000,2960000000,6758000000,0,7260000000,183000000,-259000000,0,259000000,34811000000,0,0,502000000,2685000000,1074000000,259000000,1627000000,2141000000,2944000000,3446000000,1611000000
UNH,quarterly,2015-12-31,USD,29010000000,43599000000,14589000000,7895000000,2468000000,6562000000,0,6694000000,180000000,-260000000,0,260000000,31727000000,0,0,484000000,2174000000,956000000,260000000,1252000000,1231000000,2434000000,2918000000,1218000000
UNH,quarterly,2015-09-30,USD,28636000000,41489000000,12853000000,6100000000,3018000000,6178000000,0,6753000000,170000000,-229000000,0,229000000,31801000000,0,0,452000000,2768000000,1171000000,229000000,1618000000,557000000,2997000000,3449000000,1597000000
UNH,quarterly,2015-06-30,USD,28921000000,36263000000,7342000000,1111000000,2895000000,5738000000,0,6231000000,214000000,-151000000,0,151000000,31961000000,0,0,379000000,2744000000,1159000000,151000000,1585000000,1563000000,2895000000,3274000000,1585000000
UNH,quarterly,2015-03-31,USD,28329000000,35756000000,7427000000,1100000000,2640000000,5834000000,0,6327000000,146000000,-150000000,0,150000000,31674000000,0,0,378000000,2490000000,1077000000,150000000,1413000000,520000000,2640000000,3018000000,1413000000
UNH,quarterly,2014-12-31,USD,26199000000,33433000000,7234000000,1008000000,2765000000,5427000000,0,6226000000,166000000,-151000000,0,151000000,29375000000,0,0,381000000,2614000000,1104000000,151000000,1510000000,1102000000,2765000000,3146000000,1510000000
UNH,quarterly,2014-09-30,USD,25995000000,32759000000,6764000000,955000000,2903000000,5436000000,0,5809000000,172000000,-152000000,0,152000000,28972000000,0,0,373000000,2751000000,1149000000,152000000,1602000000,908000000,2903000000,3276000000,1602000000
UNH,quarterly,2014-06-30,USD,26075000000,32574000000,6499000000,929000000,2552000000,5206000000,0,5570000000,250000000,-155000000,0,155000000,28840000000,0,0,364000000,2397000000,989000000,155000000,1408000000,1691000000,2552000000,2916000000,1408000000
UNH,quarterly,2014-03-31,USD,-21154000000,31708000000,52862000000,892000000,2054000000,5194000000,0,5714000000,191000000,-160000000,0,160000000,28115000000,0,0,360000000,1894000000,795000000,160000000,1099000000,1434000000,2054000000,2414000000,1099000000
UNH,quarterly,2013-12-31,USD,31117000000,31117000000,51169000000,757000000,2452000000,4633000000,0,6018000000,184000000,-176000000,0,176000000,27707000000,0,0,350000000,2276000000,849000000,176000000,2452000000,1106000000,2452000000,2802000000,1427000000
UNH,quarterly,2013-09-30,USD,-19413000000,30624000000,50037000000,731000000,2631000000,4869000000,0,5396000000,163000000,-178000000,0,178000000,27356000000,0,0,349000000,2453000000,883000000,178000000,1570000000,1518000000,2631000000,2980000000,1570000000
UNH,quarterly,2013-06-30,USD,-19772000000,30408000000,50180000000,669000000,2401000000,4825000000,0,5341000000,195000000,-176000000,0,176000000,27220000000,0,0,340000000,2225000000,789000000,176000000,1436000000,513000000,2401000000,2741000000,1436000000
UNH,quarterly,2013-03-31,USD,-20430000000,30340000000,50770000000,682000000,2139000000,4614000000,0,5128000000,203000000,-178000000,0,178000000,27274000000,0,0,336000000,1913000000,721000000,178000000,1240000000,1142000000,2091000000,2427000000,1192000000
UNH,quarterly,2012-12-31,USD,28769000000,28769000000,47473000000,642000000,2101000000,4853000000,0,5732000000,185000000,-173000000,0,173000000,25848000000,0,0,370000000,1928000000,684000000,173000000,2101000000,1107000000,2101000000,2471000000,1244000000
UNH,quarterly,2012-09-30,USD,-16861000000,27302000000,44163000000,627000000,2610000000,4277000000,0,4752000000,145000000,-158000000,0,158000000,24640000000,0,0,317000000,2452000000,895000000,158000000,1557000000,1663000000,2610000000,2927000000,1557000000
UNH,quarterly,2012-06-30,USD,-17788000000,27265000000,45053000000,620000000,2226000000,4080000000,0,4560000000,178000000,-153000000,0,153000000,24609000000,0,0,326000000,2073000000,736000000,153000000,1337000000,1348000000,2226000000,2552000000,1337000000
UNH,quarterly,2012-03-31,USD,-17625000000,27282000000,44907000000,634000000,2317000000,4096000000,0,4543000000,172000000,-148000000,0,148000000,24631000000,0,0,296000000,2169000000,781000000,148000000,1388000000,1385000000,2317000000,2613000000,1388000000
UNH,quarterly,2011-12-31,USD,25916000000,25916000000,42465000000,623000000,2074000000,4308000000,0,5034000000,142000000,-139000000,0,139000000,23361000000,0,0,290000000,1935000000,677000000,139000000,2074000000,1322000000,2074000000,2364000000,1258000000
UNH,quarterly,2011-09-30,USD,-16342000000,25280000000,41622000000,609000000,2070000000,3899000000,0,4326000000,170000000,-129000000,0,129000000,22806000000,0,0,294000000,1941000000,670000000,129000000,1271000000,1336000000,2070000000,2364000000,1271000000
UNH,quarterly,2011-06-30,USD,-16481000000,25234000000,41715000000,554000000,2099000000,3733000000,0,4124000000,160000000,-119000000,0,119000000,22813000000,0,0,270000000,1980000000,713000000,119000000,1267000000,1392000000,2099000000,2369000000,1267000000
UNH,quarterly,2011-03-31,USD,-16508000000,25432000000,41940000000,599000000,2221000000,3617000000,0,4009000000,182000000,-118000000,0,118000000,23003000000,0,0,270000000,2103000000,757000000,118000000,1346000000,1301000000,2221000000,2491000000,1346000000
UNH,quarterly,2010-12-31,USD,24030000000,24030000000,39658000000,563000000,1802000000,4087000000,0,4994000000,151000000,-118000000,0,118000000,21685000000,0,0,320000000,1684000000,641000000,118000000,1802000000,804000000,1802000000,2122000000,1043000000
UNH,quarterly,2010-09-30,USD,-15047000000,23668000000,38715000000,536000000,2145000000,3548000000,0,3914000000,136000000,-119000000,0,119000000,21467000000,0,0,247000000,2026000000,749000000,119000000,1277000000,1415000000,2145000000,2392000000,1277000000
UNH,quarterly,2010-06-30,USD,-15320000000,23264000000,38584000000,534000000,1901000000,3359000000,0,3727000000,149000000,-119000000,0,119000000,21125000000,0,0,249000000,1782000000,659000000,119000000,1123000000,1224000000,1901000000,2150000000,1123000000
UNH,quarterly,2010-03-31,USD,-15154000000,23193000000,38347000000,483000000,2016000000,3276000000,0,3649000000,173000000,-125000000,0,125000000,21128000000,0,0,248000000,1891000000,700000000,125000000,1191000000,1190000000,2016000000,2264000000,1191000000
UNH,quarterly,2009-12-31,USD,21784000000,21784000000,36250000000,497000000,1575000000,3413000000,0,3815000000,141000000,-144000000,0,144000000,19729000000,0,0,258000000,1431000000,487000000,144000000,1575000000,868000000,1575000000,1833000000,944000000
UNH,quarterly,2009-09-30,USD,-14495000000,21695000000,36190000000,442000000,1676000000,3156000000,0,3543000000,140000000,-137000000,0,137000000,19729000000,0,0,250000000,1539000000,504000000,137000000,1035000000,1270000000,1676000000,1926000000,1035000000
UNH,quarterly,2009-06-30,USD,-15067000000,21655000000,36722000000,422000000,1440000000,3037000000,0,3425000000,153000000,-139000000,0,139000000,19746000000,0,0,249000000,1301000000,442000000,139000000,859000000,947000000,1440000000,1689000000,859000000
UNH,quarterly,2009-03-31,USD,1902000000,22004000000,20102000000,20102000000,1668000000,3128000000,0,234000000,0,0,0,131000000,0,0,0,234000000,1537000000,553000000,0,0,1042000000,1668000000,1902000000,984000000
UNH,quarterly,2008-12-31,USD,4253000000,20454000000,15430000000,15430000000,1279000000,3486000000,0,3745000000,0,0,0,155000000,0,0,0,259000000,1124000000,398000000,0,0,0,1279000000,1538000000,726000000
UNH,quarterly,2008-09-30,USD,4826000000,20156000000,15330000000,15330000000,1598000000,2974000000,0,3228000000,0,0,0,166000000,0,0,0,254000000,1432000000,512000000,0,0,0,1598000000,1852000000,920000000
UNH,quarterly,2008-06-30,USD,4662000000,20272000000,15610000000,15610000000,673000000,3746000000,0,3989000000,0,0,0,164000000,0,0,0,243000000,509000000,172000000,0,0,0,673000000,916000000,337000000
MDT,annual,2024-04-26,USD,8556000000,32961000000,24405000000,11216000000,5144000000,10736000000,2735000000,16014000000,0,597000000,1316000000,719000000,32364000000,412000000,954000000,1693000000,4809000000,1133000000,719000000,3704000000,3856000000,5528000000,7221000000,3676000000
MDT,annual,2023-04-28,USD,8130000000,31528000000,23398000000,10719000000,5485000000,10415000000,2696000000,15418000000,0,386000000,1022000000,636000000,31142000000,515000000,999000000,1700000000,5338000000,1580000000,689000000,3784000000,2524000000,5974000000,7674000000,3758000000
MDT,annual,2022-04-29,USD,8180000000,31186000000,23006000000,10145000000,5752000000,10292000000,2746000000,15665000000,0,186000000,739000000,553000000,31739000000,318000000,974000000,1700000000,5495000000,456000000,553000000,5061000000,6258000000,6048000000,7748000000,5039000000
MDT,annual,2021-04-30,USD,6470000000,28884000000,22414000000,10483000000,4484000000,10148000000,2493000000,14552000000,0,-925000000,617000000,925000000,29809000000,336000000,919000000,1783000000,3871000000,265000000,1233000000,3630000000,3681000000,4796000000,6579000000,3606000000
MDT,annual,2020-04-24,USD,19490000000,27415000000,21361000000,9424000000,4791000000,10109000000,2331000000,14367000000,0,-1092000000,379000000,1092000000,28507000000,356000000,907000000,1756000000,4038000000,-751000000,1498000000,4806000000,3940000000,5130000000,6886000000,4789000000
MDT,annual,2019-04-26,USD,21402000000,28892000000,21454000000,9155000000,6268000000,10418000000,2330000000,14707000000,0,-1444000000,676000000,1444000000,30336000000,373000000,895000000,1764000000,5178000000,547000000,1901000000,4650000000,3659000000,6622000000,8386000000,4631000000
MDT,annual,2018-04-27,USD,20898000000,29240000000,21052000000,9067000000,6640000000,10238000000,2253000000,13605000000,0,-1146000000,397000000,1146000000,433000000,181000000,821000000,1823000000,5684000000,2580000000,1184000000,3095000000,4134000000,6830000000,8653000000,3104000000
MDT,annual,2017-04-28,USD,20419000000,28616000000,21232000000,9294000000,5383000000,10018000000,2193000000,14173000000,0,-1094000000,366000000,1094000000,0,313000000,937000000,2000000000,4606000000,578000000,1094000000,4024000000,3283000000,5700000000,7700000000,4028000000
MDT,annual,2016-04-29,USD,19691000000,27284000000,20542000000,9142000000,5361000000,9469000000,2224000000,13673000000,0,-1386000000,1025000000,1386000000,-163000000,-107000000,889000000,1931000000,4336000000,798000000,1549000000,3538000000,2854000000,5722000000,7653000000,3538000000
MDT,annual,2015-04-24,USD,13952000000,19733000000,13946000000,6309000000,3766000000,6904000000,1640000000,9174000000,0,-666000000,0,666000000,138000000,-118000000,573000000,733000000,3486000000,811000000,666000000,2675000000,2088000000,4152000000,4885000000,2675000000
MDT,quarterly,2025-01-24,USD,2377000000,8406000000,6029000000,2779000000,1646000000,2717000000,675000000,3925000000,0,114000000,0,179000000,8292000000,72000000,0,416000000,1531000000,237000000,179000000,1303000000,1705000000,1646000000,2062000000,1294000000
MDT,quarterly,2024-10-25,USD,2378000000,8540000000,6162000000,2946000000,1595000000,2757000000,697000000,3913000000,0,137000000,0,209000000,8403000000,173000000,0,413000000,1551000000,281000000,209000000,1278000000,1431000000,1595000000,2008000000,1270000000
MDT,quarterly,2024-07-26,USD,2135000000,8027000000,5892000000,2761000000,1278000000,2655000000,676000000,3825000000,0,112000000,0,167000000,7915000000,157000000,0,414000000,1262000000,220000000,167000000,1048000000,950000000,1278000000,1692000000,1042000000
MDT,quarterly,2024-04-26,USD,2978000000,9703000000,6725000000,3044000000,1053000000,2765000000,675000000,4384000000,0,168000000,1316000000,202000000,8589000000,5000000,0,393000000,851000000,197000000,202000000,658000000,794000000,1053000000,1446000000,654000000
MDT,quarterly,2024-01-26,USD,1972000000,7901000000,5929000000,2782000000,1483000000,2673000000,695000000,3842000000,170000000,170000000,358000000,188000000,8089000000,177000000,0,419000000,1457000000,135000000,188000000,1337000000,1240000000,1645000000,2064000000,1322000000
MDT,quarterly,2023-10-27,USD,1841000000,7804000000,5963000000,2761000000,1340000000,2686000000,698000000,3900000000,148000000,148000000,328000000,180000000,7984000000,154000000,0,425000000,1311000000,402000000,180000000,911000000,1206000000,1491000000,1916000000,909000000
MDT,quarterly,2023-07-28,USD,1814000000,7575000000,5761000000,2628000000,1268000000,2613000000,668000000,3822000000,111000000,111000000,259000000,148000000,7723000000,76000000,0,429000000,1191000000,400000000,148000000,796000000,616000000,1339000000,1768000000,791000000
MDT,quarterly,2023-04-28,USD,3114000000,9398000000,6284000000,2979000000,1565000000,2616000000,641000000,3935000000,0,835000000,1022000000,187000000,8563000000,173000000,0,400000000,1541000000,362000000,187000000,1189000000,870000000,1728000000,2128000000,1179000000
MDT,quarterly,2023-01-27,USD,1731000000,7570000000,5839000000,2689000000,1392000000,2615000000,688000000,3838000000,118000000,-167000000,159000000,167000000,7737000000,149000000,0,431000000,1368000000,146000000,167000000,1229000000,394000000,1535000000,1966000000,1222000000
MDT,quarterly,2022-10-28,USD,1860000000,7433000000,5573000000,2535000000,1404000000,2617000000,676000000,3714000000,73000000,-118000000,118000000,118000000,7551000000,109000000,0,421000000,1386000000,959000000,118000000,436000000,5000000,1504000000,1925000000,427000000
MDT,quarterly,2022-07-29,USD,1538000000,7129000000,5591000000,2516000000,1125000000,2567000000,692000000,3782000000,55000000,-164000000,24000000,164000000,7293000000,83000000,0,423000000,1041000000,112000000,217000000,932000000,1255000000,1205000000,1628000000,929000000
MDT,quarterly,2022-04-29,USD,1486000000,7917000000,6431000000,2591000000,1671000000,2569000000,652000000,4501000000,0,596000000,739000000,143000000,8060000000,74000000,0,402000000,1595000000,110000000,143000000,1492000000,2099000000,1738000000,2140000000,1485000000
MDT,quarterly,2022-01-28,USD,2198000000,7650000000,5452000000,2459000000,1659000000,2561000000,668000000,3661000000,0,-137000000,137000000,137000000,7787000000,67000000,0,432000000,1586000000,106000000,137000000,1483000000,1641000000,1723000000,2155000000,1480000000
MDT,quarterly,2021-10-29,USD,2196000000,7739000000,5543000000,2497000000,1563000000,2615000000,676000000,3722000000,0,-136000000,136000000,136000000,7875000000,66000000,0,431000000,1487000000,176000000,136000000,1317000000,1478000000,1623000000,2054000000,1311000000
MDT,quarterly,2021-07-30,USD,2269000000,7850000000,5581000000,2598000000,859000000,2547000000,750000000,3748000000,0,-137000000,137000000,137000000,7987000000,111000000,0,436000000,827000000,64000000,137000000,769000000,1039000000,964000000,1400000000,763000000
MDT,quarterly,2021-04-30,USD,2315000000,8046000000,5731000000,2653000000,1605000000,2595000000,632000000,3735000000,0,-142000000,142000000,142000000,8188000000,103000000,0,483000000,1560000000,200000000,142000000,1366000000,1798000000,1702000000,2185000000,1360000000
MDT,quarterly,2021-01-29,USD,2021000000,7632000000,5611000000,2621000000,1277000000,2537000000,601000000,3591000000,0,-143000000,143000000,143000000,7775000000,86000000,0,453000000,1211000000,-59000000,143000000,1279000000,1190000000,1354000000,1807000000,1270000000
MDT,quarterly,2020-10-30,USD,1429000000,7177000000,5748000000,2705000000,930000000,2600000000,639000000,3682000000,0,-470000000,116000000,470000000,7647000000,65000000,0,443000000,520000000,31000000,470000000,494000000,428000000,990000000,1433000000,489000000
MDT,quarterly,2020-07-31,USD,974000000,6336000000,5362000000,2505000000,673000000,2417000000,621000000,3515000000,0,-171000000,119000000,171000000,6507000000,82000000,0,440000000,580000000,93000000,171000000,491000000,265000000,751000000,1191000000,487000000
MDT,quarterly,2020-04-24,USD,3734000000,5998000000,5134000000,2264000000,316000000,2359000000,568000000,3470000000,0,-162000000,100000000,162000000,5998000000,51000000,0,439000000,212000000,-434000000,162000000,3734000000,-368000000,374000000,813000000,646000000
MDT,quarterly,2020-01-24,USD,5317000000,7561000000,5423000000,2400000000,1639000000,2587000000,573000000,3596000000,0,-156000000,79000000,156000000,7717000000,96000000,0,436000000,1575000000,-340000000,156000000,1919000000,1980000000,1731000000,2167000000,1915000000
MDT,quarterly,2019-10-25,USD,5312000000,7541000000,5488000000,2394000000,1351000000,2620000000,603000000,3697000000,0,-165000000,165000000,165000000,7706000000,108000000,0,441000000,1287000000,-77000000,165000000,1371000000,1237000000,1452000000,1893000000,1364000000
MDT,quarterly,2019-07-26,USD,5127000000,6478000000,5349000000,2366000000,1485000000,2543000000,587000000,3595000000,0,-609000000,196000000,609000000,7087000000,101000000,0,440000000,964000000,100000000,1015000000,877000000,1091000000,1573000000,2013000000,864000000
MDT,quarterly,2019-04-26,USD,5663000000,8146000000,5549000000,2483000000,1946000000,2620000000,594000000,3683000000,0,-718000000,0,718000000,8146000000,64000000,0,437000000,1282000000,110000000,1175000000,5663000000,919000000,2000000000,2437000000,1172000000
MDT,quarterly,2019-01-25,USD,5281000000,7303000000,5318000000,2265000000,1542000000,2596000000,561000000,3614000000,0,-243000000,0,243000000,7546000000,71000000,0,436000000,1368000000,99000000,243000000,1271000000,1423000000,1611000000,2047000000,1269000000
MDT,quarterly,2018-10-26,USD,5278000000,7240000000,5253000000,2203000000,1544000000,2605000000,590000000,3640000000,0,-241000000,0,241000000,7481000000,52000000,0,445000000,1350000000,235000000,241000000,1120000000,826000000,1591000000,2036000000,1115000000
MDT,quarterly,2018-07-27,USD,5180000000,7142000000,5308000000,2204000000,1236000000,2597000000,585000000,3704000000,0,-242000000,0,242000000,7384000000,186000000,0,446000000,1178000000,103000000,242000000,1077000000,491000000,1420000000,1866000000,1075000000
MDT,quarterly,2018-04-27,USD,5746000000,8144000000,5450000000,2398000000,1928000000,2596000000,592000000,3663000000,0,-317000000,0,317000000,8144000000,114000000,0,448000000,1720000000,260000000,355000000,5749000000,1259000000,2037000000,2485000000,1460000000
MDT,quarterly,2018-01-26,USD,5175000000,7099000000,5240000000,2194000000,1436000000,2523000000,558000000,3607000000,0,-270000000,0,270000000,0,-139000000,0,461000000,1030000000,2419000000,270000000,-1392000000,-711000000,1300000000,1761000000,-1389000000
MDT,quarterly,2017-10-27,USD,4927000000,7474000000,5025000000,2123000000,1894000000,2539000000,555000000,2763000000,0,-273000000,0,273000000,697000000,107000000,0,460000000,1732000000,-285000000,273000000,2013000000,1881000000,2005000000,2465000000,2017000000
MDT,quarterly,2017-07-28,USD,5038000000,7104000000,5332000000,2352000000,1382000000,2580000000,548000000,3541000000,0,-286000000,0,286000000,7390000000,99000000,0,454000000,1202000000,186000000,286000000,1009000000,1705000000,1488000000,1942000000,1016000000
MDT,quarterly,2017-04-28,USD,5480000000,7916000000,5661000000,2439000000,1684000000,2786000000,553000000,3786000000,0,-290000000,0,290000000,0,-48000000,0,516000000,1434000000,271000000,290000000,5480000000,1429000000,1724000000,2240000000,1163000000
MDT,quarterly,2017-01-27,USD,5015000000,7015000000,5153000000,2268000000,1147000000,2388000000,530000000,3415000000,0,-268000000,0,268000000,0,-46000000,0,497000000,968000000,147000000,268000000,820000000,270000000,1236000000,1733000000,821000000
MDT,quarterly,2016-10-28,USD,5019000000,7081000000,5247000000,2326000000,1385000000,2416000000,554000000,3475000000,0,-264000000,0,264000000,0,-89000000,0,500000000,1216000000,101000000,264000000,1111000000,811000000,1480000000,1980000000,1115000000
MDT,quarterly,2016-07-29,USD,4905000000,6894000000,5176000000,2261000000,1167000000,2428000000,556000000,3480000000,0,-272000000,0,272000000,0,-39000000,0,487000000,988000000,59000000,272000000,929000000,773000000,1260000000,1747000000,929000000
MDT,quarterly,2016-04-29,USD,5204000000,7567000000,5206000000,2363000000,1575000000,2360000000,575000000,3424000000,0,-481000000,0,481000000,0,20000000,0,483000000,1135000000,31000000,644000000,5204000000,2200000000,1616000000,2099000000,1104000000
MDT,quarterly,2016-01-29,USD,4793000000,6659000000,4942000000,2141000000,1355000000,2317000000,546000000,3347000000,0,-275000000,0,275000000,0,-9000000,0,484000000,1179000000,84000000,275000000,1095000000,-399000000,1454000000,1938000000,1095000000
MDT,quarterly,2015-10-30,USD,4876000000,6734000000,5008000000,2182000000,1300000000,2343000000,545000000,3371000000,0,-324000000,0,324000000,0,-57000000,0,483000000,1083000000,563000000,324000000,520000000,405000000,1407000000,1890000000,520000000
MDT,quarterly,2015-07-31,USD,4818000000,6968000000,5386000000,2456000000,1131000000,2449000000,558000000,3498000000,0,-306000000,0,306000000,0,-61000000,0,481000000,940000000,120000000,306000000,820000000,648000000,1246000000,1727000000,820000000
MDT,quarterly,2015-04-24,USD,4370000000,7304000000,2934000000,2934000000,373000000,2404000000,528000000,3380000000,0,0,0,298000000,0,0,0,468000000,187000000,188000000,0,4370000000,-524000000,485000000,1571000000,-1000000
MDT,quarterly,2015-01-23,USD,3190000000,4273000000,1105000000,1128000000,1275000000,1487000000,365000000,37075000,0,0,0,176000000,0,0,0,215000000,1194000000,217000000,0,-37075000,822000000,1370000000,1445000000,977000000
MDT,quarterly,2014-10-24,USD,3224000000,4366000000,1142000000,1142000000,1030000000,1507000000,374000000,2033000000,0,0,0,94000000,0,0,0,208000000,1022000000,194000000,0,0,810000000,1116000000,1560000000,828000000
MDT,quarterly,2014-07-25,USD,3168000000,4273000000,1105000000,1105000000,1088000000,1506000000,365000000,2009000000,0,0,0,97000000,0,0,0,215000000,1083000000,212000000,0,0,980000000,1180000000,1395000000,871000000
MDT,quarterly,2014-04-25,USD,3395000000,4566000000,1171000000,1171000000,584000000,1924000000,385000000,2070000000,0,0,0,103000000,0,0,0,215000000,481000000,33000000,0,3065000000,0,2159000000,2374000000,448000000
MDT,quarterly,2014-01-24,USD,3113000000,4163000000,1050000000,1050000000,1047000000,1814000000,360000000,1948000000,0,0,0,92000000,0,0,0,214000000,955000000,193000000,0,0,0,1350000000,1564000000,762000000
MDT,quarterly,2013-10-25,USD,3104000000,4194000000,1090000000,1090000000,1211000000,1810000000,372000000,1931000000,0,0,0,95000000,0,0,0,213000000,1116000000,214000000,0,0,0,1197000000,1410000000,902000000
MDT,quarterly,2013-07-26,USD,3061000000,4083000000,1022000000,1022000000,1243000000,1776000000,360000000,1906000000,0,0,0,90000000,0,0,0,208000000,1153000000,200000000,0,0,0,1117000000,1325000000,953000000
